feature,importance,wasserstein_distance_training,wasserstein_distance_eval,wasserstein_distance_all_visits
R06,0.0649843132368545,0.4601729269278878,0.46404716783904354,0.5074136873958478
R09,0.0628085236883957,0.45101778146555355,0.43546925511170725,0.47184571652469726
2020-04-01,0.0543317626925099,0.4353442683537799,0.4370537680572136,0.4209260198004161
R05,0.0259334693934966,0.44584236209552847,0.4293034916928596,0.5159827909909339
J12,0.0235953053398881,0.49786882610448624,0.4777445666058426,0.6738125030850741
Z01,0.0233502678941372,0.2968950783732742,0.3009257449257379,0.4269849744325133
Z94,0.0228807322878005,0.30657989826428456,0.31445677903434965,0.4175182762547206
R50,0.0195409767063966,0.4400114526808866,0.4169069831882707,0.5088991901076111
J96,0.0176263468116124,0.5021537731171102,0.49201740991965465,0.6075983651437459
WHITE,0.0148443510716948,-0.0572883352394997,-0.06154308943417134,-0.007866571212368272
2021-06-01,0.0147883884209252,-0.38712949103148914,-0.3630089451997184,-0.20066088962979817
HISPANIC OR LATINO OR SPANISH ORIGIN,0.0141370027054598,0.09202583316916828,0.08989272770973879,0.028685864284323077
sex_1,0.0141317815929504,-0.07106489092175061,-0.07586169128122618,-0.01869359725878916
2021-07-01,0.0130448499071771,-0.37801991419429115,-0.3570065032266446,-0.186810796618343
2021-08-01,0.0126223283819408,-0.34319940427652573,-0.364297510956614,-0.17215435028467646
2021-09-01,0.0116848470918124,-0.3438513184391123,-0.3265846911375941,-0.1825791412385806
2020-02-01,0.0115239790004676,-0.3902535479427792,-0.3220556961191666,-0.1220990288138022
2021-10-01,0.011239453534283,-0.3538714736841949,-0.3585976439595685,-0.18553138547354225
E11,0.0105768515929474,0.402933290326878,0.39494557413343706,0.4328961049667845
N17,0.0103766726703722,0.4751001007147272,0.46998359046099125,0.5350285316771111
I10,0.0102273811519233,0.32186916152124523,0.32319501684638274,0.3332975030803366
R07,0.0099049303136994,0.29908271727664637,0.27918980244912284,0.3351213643620798
BLACK OR AFRICAN AMERICAN,0.0096412945431337,0.03372710240845822,0.023284391746059962,0.010272797279420771
Z20,0.0094113203734484,0.39300530731657957,0.3755936324366332,0.46114145374665716
I50,0.0089272807928736,0.34139657889236436,0.31435660086203954,0.3881620002239372
R53,0.0086297328384022,0.40212236123213485,0.3844557661121782,0.46112740170630173
age_senior,0.0086171257086632,0.08322979302352457,0.08238537464692477,0.016559931928024314
R00,0.0082182979454235,0.331940294802187,0.3313833671683324,0.33178305065913793
age_adult,0.0080658839817683,-0.051535929933465625,-0.05165269430228498,0.016380809440632534
J18,0.0080002144176587,0.4689298558480247,0.45865936789877015,0.5506474695637389
2020-03-01,0.0077275092513331,0.23677754846893256,0.26133217051736635,0.1563028422864795
Z79,0.0075036073080693,0.3159586238371391,0.331130970754818,0.40637028498833744
J80,0.0073793482112491,0.4840439915764911,0.46240162324585427,0.6588390368950149
N18,0.0072710621654882,0.3553466307627195,0.34661502490825624,0.39070230039344467
E87,0.0070782108752201,0.4500691565207397,0.4474019049686155,0.4766228759795994
2021-05-01,0.0070312771782347,-0.28312452943142,-0.30760115900068524,-0.17388630590693474
I25,0.0065632424751921,0.21964325534124232,0.2614356772956278,0.3132523322414297
J45,0.0064960765016687,0.38895202385804023,0.34417289663267125,0.41632593046077826
2020-05-01,0.0064945257314784,0.1717989772327174,0.1427946967834781,0.14574429202358263
2020-12-01,0.0059695394540082,0.08659372689157892,0.07080746659132271,0.12596021977082456
2021-01-01,0.0057260091687027,0.12239445238822769,0.1444676621657484,0.1292619782962825
J06,0.0057023426184159,0.43172854302402774,0.3730764114504883,0.3451894881882138
2021-02-01,0.0053380671257991,0.131092449491838,0.11472947734007138,0.11740151828795159
2021-11-01,0.0049991118952299,-0.2529989309379341,-0.28877487281994474,-0.13179129405897627
Z78,0.0049986390508864,0.4010405127821492,0.3799405301805623,0.3845009934069974
T86,0.0049918636561485,0.3299733573615973,0.3301208733230491,0.4304555078146507
Z34,0.0048119661605026,-0.08410917496108809,-0.09948249924525773,0.08372819341100086
D84,0.0047375504400201,0.37114459108962466,0.34421092898198646,0.4712337221865672
2021-03-01,0.0044594484454007,0.05170738460470931,0.07424142702462083,0.08634909553471867
age_child,0.0043196830035714,-0.1068233701033509,-0.102747789722231,-0.035579279654924446
R41,0.0042319177073052,0.40453214021047673,0.3742715777599588,0.3788199512539272
2020-11-01,0.0041640186657329,-0.0926892534466315,0.07138303768395185,0.07836686608475257
2020-07-01,0.0041634698227136,-0.10741089201451245,-0.08427794032396094,0.10322261689586101
2020-10-01,0.0041034959183946,-0.13017955045401106,-0.10928625375148229,0.07338664552210751
2020-09-01,0.0040368167461407,-0.14704550688087395,-0.11171216861038713,0.06153530563795344
2020-06-01,0.0039898497608068,0.062411770301713125,0.08176903442432996,0.08995981445919654
E78,0.0037894290059289,0.2639399379579379,0.24452451124829971,0.3000648016852026
O98,0.003767014778573,0.3806836094963675,0.27738508918106547,0.4667476997848585
I48,0.0036583334278481,0.22199267853877735,0.22793229708077203,0.1971184329356434
2020-08-01,0.0036240597036337,-0.09991113989990902,-0.08991827974457026,0.10767854610907478
2021-04-01,0.0033480396670941,-0.11326154249465537,-0.11643545581142108,-0.07479504211951844
A41,0.0032761872297454,0.4408321047140773,0.4502251619987937,0.5161596914069758
R91,0.003164981137464,0.20933395872290317,0.21132511063151643,0.27674970810933885
J84,0.0030877449260094,0.3041935333024004,0.2832425149076781,0.4012125384290543
Z86,0.0030383024119803,0.3193214415198121,0.22415957764211072,0.30771909842629863
E66,0.0029885820568376,0.2921227974874695,0.322425249885941,0.2809337533886655
R10,0.0029240477588937,0.13569906131515308,0.17412051081319516,0.13935436377628732
ASIAN,0.0028528151184971,0.02044253557697326,0.021364144953344218,0.01802451474059942
Z95,0.002842684170173,0.1523136215196135,0.1489288350527469,0.18433621179574594
R94,0.0025412851169277,0.27796657058845425,0.3108813183884693,0.2968413200972897
R11,0.0025217285161957,0.2832478406498978,0.27967106128717606,0.29783868832700033
R73,0.0024132147845495,0.4006502309005626,0.339650350857047,0.37220978120640774
M25,0.0024114939900166,-0.028394626827046368,0.0470874155115467,0.03161414373946142
Z98,0.0023576568406832,0.10004982984910148,0.0739194729846564,0.10541688635470324
O09,0.0023382535013735,0.0762958415082247,-0.1141225338544858,0.1141842647669218
I42,0.0023361958943575,0.27211538675342306,0.17966876404364296,0.2819248707504264
B34,0.0023061245226241,0.24524745857325872,0.24647341124127503,0.21074957780461942
M30,0.002258973527429,0.4084228527880362,0.3157505528516876,0.46606511506615017
age_adol,0.002246143100758,-0.0676293038937969,-0.09536575522596515,-0.02709043371150152
2021-12-01,0.0022217112850002,-0.10095068255860735,-0.14749452321850934,0.08581690708742155
N39,0.0022000936106353,0.3511129789157627,0.36243303405932475,0.3324142790545428
Z00,0.0021892833797349,0.14461245339955522,0.17491143527030775,0.12577612735839422
I82,0.0021883345490893,0.4246710534505932,0.3555471184421216,0.3363775897306133
R42,0.0021643866944712,0.2307139507026955,0.2525378385284441,0.2840381397650698
I95,0.0021612124347662,0.41520441527224033,0.40352551571051903,0.45630732354915926
G93,0.0021133548905195,0.36673226030642336,0.3438571216431853,0.33709500659972036
M79,0.0020991883056286,0.14872213789694394,0.1437046035499316,0.09398153642683196
I35,0.0020485759374437,0.03790944170539664,0.07836890069401502,0.1659749095051749
Z12,0.002027570177031,-0.21024220844527552,-0.20348847274143084,-0.06890117539482762
R19,0.0020029857150075,0.3225952394875746,0.2915793632092942,0.2562020351885862
I73,0.0020025538493202,0.19911881588999064,0.1661019484138445,0.19954869591273067
F41,0.0019898407731927,0.29429314420188174,0.25336389203371495,0.3175337745205777
I34,0.001954964079824,0.08953546769294286,0.13540501454488,0.2171088095797134
I47,0.001931084779892,0.14555186299163153,0.1256180672919665,0.12451402770041162
M54,0.0019259932482849,0.07747594092039672,0.10234131385336584,0.06933373511978892
M35,0.0018710614687268,0.31344054201192584,0.2867994108703427,0.33580447943814934
2022-01-01,0.0018582668642878,0.05023037584555775,-0.08798399569211167,0.08070211266876565
Z45,0.001842758962106,0.16632467174386398,0.12654472798837163,0.20421581647234646
2022-02-01,0.0018296129341917,-0.14408830627379748,-0.15228766316162765,0.09064954433270217
R57,0.0018206896099345,0.474307191029211,0.46897098421998856,0.51789487452663
C91,0.0017253706415636,0.134978591901407,0.15581261827230738,0.16482065622166614
I63,0.0016940870548365,0.3358673776488296,0.25817175781508883,0.21097000127537974
Z51,0.0016744875214357,0.20993156604620303,0.22456071939329106,0.24738577064106013
R55,0.001657670494841,0.21562856464830607,0.16987836829590625,0.16334609371234707
C50,0.0016312126538032,-0.12799081444288618,-0.07960857536777602,0.042914773581432454
Z23,0.0016030240636658,0.16813042748947155,0.17091565926928454,0.2301822247475698
Z48,0.0015540966528918,0.2380149235665775,0.28283258005528983,0.295247201647848
O80,0.0015003430370765,0.2044869192894091,0.16489043402572667,0.23668076615705214
I40,0.0014638113525464,0.4038993678136555,0.3150984319073533,0.4325152021474443
K56,0.001457112639157,0.2919415192670177,0.32911665502059123,0.32079396540693617
C25,0.0014536552141888,-0.09641479311858045,-0.09494251566757847,0.08273494962157121
R79,0.001452930597885,0.4113217080473312,0.3160984758984915,0.34272896636712114
R74,0.0014390764426704,0.4228657790685874,0.38287726528850163,0.3393894155970318
Z99,0.0013793429455539,0.41257634746953786,0.3903672033837164,0.4311707321974774
R26,0.0013789106295028,0.34455041088537064,0.38267481167978756,0.27813502962000647
I49,0.0013636266767403,0.059893362555629465,0.16594152505386975,0.12550250550613698
E03,0.0013299674891852,0.3143977295196657,0.26212701458115445,0.2834482949019927
K59,0.0013282105652831,0.3752990732740745,0.30590596906257633,0.25098347331108667
K40,0.0012999930462282,0.2202748771722357,0.16390492999012132,0.20402101727036445
J44,0.0012679672944553,0.3787810453263188,0.34695120542348756,0.4022299297208036
R93,0.0012556230626044,0.16777314002743252,0.17097306974748572,0.1898506034113566
I51,0.0012471953594318,0.34208854478660106,0.3449978805448906,0.3317444272901682
Q21,0.0012251654585764,-0.09334901182828072,0.08810565741534011,0.09552141374938189
G47,0.0012174768478943,0.37848858847441585,0.32458049826226776,0.35901210355658714
I65,0.0012146044390314,0.09647162925112537,0.1218276170245842,0.19247827423422623
G89,0.0012010765563932,0.08117800007534756,0.12925122680130122,0.12044232589865551
C90,0.0011939744171773,-0.1122871949897138,-0.06313578141059319,0.09377703828284988
W19,0.0011885233947347,0.3131403301926425,0.3017730834935499,0.23865283075908195
D64,0.0011875905348072,0.3334197914734549,0.3284872204853962,0.28986822585048005
Z17,0.0011850276792772,-0.14453208652572588,-0.09996335904988189,0.04574834787734296
I27,0.0011608065212769,0.2821360683763275,0.24285256435246297,0.28965824179007543
I71,0.0011560948427726,0.1047556952065651,0.08906900044326353,0.174187280439435
R29,0.0011410923303552,0.3624188705617333,0.3379936741252199,0.2629314555823141
I67,0.0011138870109913,0.1096554832620325,0.16352065704260066,0.10481127407199396
D50,0.0011037095607773,0.1468705370080012,0.11455649131362267,0.14613411401282722
Z71,0.0010934537679328,0.19042627879754356,0.22271559443978298,0.21761299743452397
R60,0.0010722086804551,0.23621720698474943,0.2815168814480717,0.2600570804630529
Z93,0.0010682575778349,0.39898626768534384,0.3449635602777109,0.35601360217389705
Z3A,0.001057569510192,-0.09867094503628614,0.17214430471349024,0.12939271851599168
I20,0.0010387191590797,0.24241203614262283,0.20938910152073004,0.27006281761552287
I26,0.0010122961099088,0.36848621760439715,0.2963136188054526,0.32583460305419276
C34,0.0010081459348416,0.053316141012850184,-0.12655589317459875,0.08273357036227051
D69,0.0010064720562902,0.2685249889424472,0.3008081187433002,0.22526639098390935
T45,0.0009968371578904,0.14728805813306778,0.1533966647077257,0.23737202137091518
D63,0.0009927892039509,0.31004918598501297,0.23466008114858586,0.33083174105969154
R21,0.0009847624860896,0.19549099727070762,0.20898895503187115,0.17909549352614756
R63,0.0009556497109621,0.3022128379004748,0.2672252931922194,0.2854009814414917
D57,0.0009524357039589,0.07637088634348431,0.11034064071618899,0.11389602218579237
J98,0.0009346816547393,0.27366765145531446,0.2873871692076699,0.28964198319995277
G44,0.0009228482847302,0.14428625838651324,0.17596684680908412,0.1990316387460885
Z09,0.0009064089622016,0.20803691678292513,0.1430673635450024,0.19023490210880503
R68,0.0008840570388567,0.41641556855292633,0.2973205636211813,0.31549186944217805
N60,0.0008727419691198,0.11468480382331012,-0.15469588004478502,0.08299535223605688
C18,0.0008720462116719,-0.0795273350700656,-0.09534384890918947,0.08467436175689949
F32,0.0008716744714773,0.27215301886447174,0.28416876581343864,0.268235332270805
G43,0.0008664283530233,0.1853198611681797,0.1332717781783648,0.1797887336575083
R13,0.0008534211658909,0.39109996428768784,0.3718204680799093,0.20530564412301033
AMERICAN INDIAN OR ALASKA,0.000848766247923,0.04847049491876339,-0.07484473590179182,0.03014111862282062
D49,0.0008418199056658,0.23998916097004822,0.1509880281476818,0.18578857687959197
R20,0.0008227797620735,0.2643239610766236,0.1725770238982437,0.2002973616374713
E86,0.0008173756625264,0.35151519898843686,0.32993101552041515,0.3259015369450767
C67,0.0008041245004567,0.041590394047614485,-0.10277167438476068,0.08921201654784515
Z91,0.0008001748639347,0.3121670380306718,0.31527850816452047,0.23380352267228738
Z87,0.0007893658765792,0.2546357487753129,0.2139236146654591,0.17591882815204582
C49,0.0007871597458745,-0.08997546446517353,0.03515372839529442,0.042862691611907054
K21,0.0007834744886928,0.2602103098591401,0.24819117615916492,0.23091360795395427
R23,0.0007740697910415,0.3153587043551035,0.26622888032561276,0.29351070361548975
N40,0.0007719486296186,0.3166636119479733,0.2589576969409025,0.22485552064163447
Z67,0.0007620458716595,0.27886259505124905,0.22849697618361647,0.25002605306889236
C83,0.0007603515365705,0.16532939867469054,0.1393798841025932,0.17108232370761958
F17,0.0007556252613687,0.16665751718112906,0.30553376777252256,0.2821853779514821
K76,0.000749542390648,0.23663182743485492,0.18919752015385685,0.20519115602867669
I44,0.0007478415410941,0.15936595092060354,0.09429694548582802,0.1424837470016713
E55,0.0007369044106289,0.31501509388520443,0.28970173533161575,0.3170456740972695
C84,0.0007360770513759,-0.2357399505480397,0.11929954198967996,0.05699184358667182
O99,0.0007346122071627,0.1406911214377422,0.0999994588977903,0.1445330566683232
Z76,0.0007284234943937,0.20324220924286213,0.22132181560676048,0.2520967502029949
I21,0.0007259535497239,0.3764293569631807,0.3696536796513008,0.36443005974279513
D61,0.0007185650987445,0.18290248951796229,0.33339042630987265,0.27916398033331236
M32,0.0006934333984078,0.09630744278195857,0.20161209078719106,0.1889125202043613
R51,0.0006890856325072,0.08299408628808833,0.1649658817620675,0.14557479950847513
N28,0.0006882175222767,0.12155483407770394,0.22017015464786635,0.17947037524973333
M81,0.0006848626067104,0.13723173169098543,0.18903726412132324,0.1326082680870318
C79,0.0006818678361922,-0.0627763733098257,0.07938877898826133,0.08278574243894773
G56,0.0006801440413927,0.04949947522663543,0.12968150706535655,0.05385658317733495
C71,0.0006786995212871,0.06776135077223142,-0.05744214394980737,0.061844219163375166
K83,0.0006703074874879,0.130766064028273,0.2807808465026595,0.22789467429011695
M41,0.0006687955586272,-0.148611964100115,-0.16123438589869257,0.03830431762519041
K86,0.0006675772393755,0.156686070814809,0.10779629717238613,0.1674590031921322
R56,0.0006671930731637,0.29035350542735544,0.23479409985373553,0.19804942812172147
R92,0.000665748754609,-0.11770214562086392,-0.1768347321228467,0.05682390336077513
D89,0.0006627214422157,0.31945513511711876,0.3141745308913529,0.3901196698093378
R04,0.0006622743214538,0.30108201847990684,0.2796395742457879,0.16635485814744058
R65,0.0006381280239886,0.4378508410570121,0.45585483224073453,0.5663101675363263
G40,0.0006349415198666,0.19712312344616625,0.19211679537846363,0.13862716308469555
J15,0.0006323266964066,0.4857569119458055,0.478129241612834,0.5657216962913934
D68,0.0006296054472799,0.28216505093428834,0.3259547386799173,0.22790265166378387
R78,0.0006193707082603,0.4483817746330442,0.36298711528016536,0.42751169818426965
G12,0.0006169003817094,-0.2092808734163604,-0.11258284601828428,0.07501946523485568
I77,0.0006099505315324,0.12330202520643718,0.13760592811596284,0.19334320500696076
N30,0.0006078991868703,0.2513018508248803,0.1853639267807848,0.21110352481767258
K70,0.0006069722761488,0.2923843461704547,0.2585710641490806,0.3018315513862196
Z13,0.0006032830214489,0.07822110489825981,0.14418937660713851,0.11411364299478664
R01,0.0005996132221247,0.09717987909543731,0.12226061214152578,0.15443933095160092
C61,0.0005993888936816,-0.07532077669170992,0.05619339968137615,0.062127516244854956
Z0000,0.0005965947727717,-0.14854478731452098,-0.19351254511490942,0.05743833357044534
C22,0.000595433941006,0.1531911524999001,0.1264461684189607,0.1543613126766485
E83,0.0005889401366997,0.21202027869058318,0.2516154467325734,0.23709482447861827
O26,0.000587030778557,0.1947730817086423,0.1739130806985799,0.14382677042146544
Z92,0.0005780286114946,0.32010896212375733,0.24580059689492728,0.22735359107798914
I45,0.0005755892838624,0.19126614187847393,0.1005007154822361,0.13388495958202012
K50,0.0005710278556837,0.08945272884182418,0.07685510299792289,0.07643640676833204
I05,0.0005692108419087,-0.12198202874141441,0.1824927276519038,0.19946713234606514
I36,0.0005684476786363,0.35719620918504336,0.2445094237182954,0.3121780132787646
D70,0.0005643371925028,0.13215803687310165,0.25488677871672866,0.2406090069592365
F20,0.000563149988234,0.3017212402134683,0.3212341565926264,0.21130666990949895
R82,0.0005627454692006,0.21934321585703223,0.13598537865865978,0.20261095805487092
R97,0.0005604191769986,0.16042325875187824,0.2274436950552797,0.17260607132421588
O24,0.0005593848742789,-0.054006850111796324,-0.10761764636047721,0.08717787161825466
I11,0.0005592216082535,0.07568825548634929,0.3150081230770436,0.29876954656700994
F10,0.0005565402165206,0.13644728658037905,0.23634248636000954,0.16511056997374696
M19,0.0005509124151778,0.22366190892351268,0.21071160529315172,0.11177946103066619
O28,0.0005489148540254,0.09063570738792763,0.15748549816001586,0.11937105592881687
Z68,0.0005386844139617,0.3293637742114543,0.3236016669308779,0.2975062140641019
M48,0.000536236291798,0.20352379865317363,0.19482460537243873,0.0983530731988816
N20,0.0005301365788513,0.043159473756895425,0.03879584026357576,0.04414177518465668
F19,0.0005293421667048,0.18656510921076908,0.09991380528336637,0.17951129760667955
R87,0.0005258734384125,0.29668678208098664,-0.19445817817543604,0.23258375628434647
J95,0.0005134171359013,0.44873823553707115,0.3551686965019156,0.3622153432578418
I46,0.0005132365997799,0.3025387268136432,0.34659046631954216,0.31433076530032256
B96,0.0005130349579821,0.4581294821312227,0.4224581550674933,0.3607301192818224
Z96,0.0005121569482016,0.12982847839513773,0.1512959285460273,0.027271882266305093
D86,0.00050842681538,0.18223719603267802,0.15476092629999372,0.18819532053130897
I70,0.0005049701114613,0.14551630795734583,0.15299406549294825,0.174802772988391
J90,0.0005042656432302,0.3738078756042731,0.36614560074137553,0.33669834925982023
Z11,0.0005040508706527,0.2031560788459928,0.21078962895241432,0.24299370777064044
M06,0.000503164442278,0.2522738021645794,0.1887828603837272,0.22569277289359288
Z33,0.0005006597226926,0.12745873077715156,-0.09487517380334064,0.066380016054893
O35,0.000500569527103,-0.13840866637762855,-0.18239713178418204,0.07039471552346113
R16,0.0004899621280706,0.316261977170385,0.259747806143052,0.213491314215399
R33,0.0004851563798427,0.32422775100478707,0.32630673016855444,0.20377822099272558
K51,0.0004837282351605,0.18425152046619037,0.11042457867739248,0.10626340164692763
R76,0.000478472394235,0.162666832120814,0.24001153835392702,0.21477630965578243
M17,0.0004758361119527,0.1144858576649376,0.035809446131310214,0.02545616991649528
G95,0.0004702793956599,0.2204244933756151,0.2015455588095446,0.1602688790356312
C69,0.0004658712200491,0.1479153998049078,-0.1515161164744321,0.07736115467014988
R18,0.0004512753476111,0.16437751811922258,0.2213168295799485,0.2530339670943296
J30,0.0004470021042022,0.22299760713609074,0.27213307381971025,0.2916087967372598
J93,0.0004465985517427,0.40793161135450423,0.41639130068686014,0.3578405441873369
R77,0.0004434637749639,0.44599009489395763,0.41889013399624336,0.42567953315434015
L29,0.0004420685522569,0.22690335797203384,0.18340615065426874,0.22154257948037073
J11,0.0004416186690467,0.1076911442086973,0.4854147347269364,0.10728293748817894
O48,0.0004370334811081,0.2356276745706446,-0.19569511735653325,0.19432645985670546
K57,0.0004366580925847,0.2973043214756977,0.26286429251282334,0.20117667314399995
B95,0.0004365297451723,0.37626796838167204,0.3791117883701155,0.37484414180728304
K92,0.000436014577077,0.3808206734203182,0.3109611811871266,0.2826432370770888
R52,0.0004327992710778,0.4264522498604008,0.21854780168554497,0.20775075867706247
B25,0.0004303789857366,0.35675620658297463,0.40035688110084733,0.4155788418103344
O14,0.0004287373501098,0.09942110591781075,0.16220689962407045,0.13634604009334472
B20,0.0004285382691179,0.38281736351594864,0.23106660200691292,0.30123941553306666
H33,0.0004215050623531,0.3006979068609686,0.13679967241366892,0.14230176039466141
J43,0.0004195765219622,0.15648010774634857,0.20973495093400807,0.3265288455253997
M34,0.0004193299834427,0.14686233426662876,0.2738725229619262,0.2938503125459571
M47,0.0004178700235039,0.1062083596087138,0.09147282781342593,0.06637583474304076
N13,0.0004178370948674,0.09464976991578569,0.20510449144335643,0.11549096824250671
J32,0.000410293235112,0.12648620524527604,0.2351249599466985,0.2069743134110078
I31,0.0004048737297446,0.2637397547453437,0.3259048575244156,0.2748274561941592
F25,0.0004047143211371,0.15096668025429974,0.24690297617101115,0.20307435763426204
D3A,0.0004004566972458,0.15224371748582718,0.24185076666925387,0.08545319220533407
Z37,0.0003988079087042,0.18581830693713217,0.18255011240395785,0.23941562221557944
C16,0.000396516310852,0.11606236925889864,0.04290397521113885,0.09231523426506502
Z97,0.000394869880076,0.38956640717122937,0.4132865535755208,0.2849077348223961
R40,0.0003900655360969,0.46486339976345925,0.40891175044788886,0.3903748845949343
A09,0.0003870042896208,0.32016140275501825,0.43883016388947016,0.3225047048253788
T84,0.0003855825987803,0.08444349610647531,0.1298905258508113,0.07072012997062957
N95,0.0003815327663128,0.1292327781223415,0.1859205918269333,0.11392980022576249
L03,0.0003699763697542,0.26446946048617315,0.16967354164182483,0.17927270583754962
N05,0.0003693088451998,-0.16190156919924653,0.16842995816411727,0.27476572601956206
E04,0.0003686513216835,0.07580600382527482,0.0642340550723721,0.07976096585132487
F03,0.0003678762324036,0.4367976344780767,0.4285577393389622,0.35727116290655575
B33,0.0003668203493756,0.21295024759929018,0.2032053783848724,0.27378446193852995
C21,0.000361506721791,0.19148050442382497,0.1066578865880955,0.08801230752649995
K62,0.000360232518556,0.10931373439079034,0.16786731530666268,0.12332338395676483
C78,0.000353521989075,0.07165172481079034,-0.07579233851795572,0.08977501544092811
R45,0.0003528278025679,0.24891360310003052,0.23221835706458668,0.18263528607797355
N93,0.0003526540020996,0.05676028386208809,-0.11630352440146324,0.062320414972579084
Z36,0.0003483360690772,-0.09082230639768527,-0.1421859631348965,0.10846340616766861
Z85,0.0003469503000796,0.03604679580042677,0.14382299399757772,0.11637534776813901
N87,0.0003468273042448,0.18686687314373174,-0.38799727898749614,0.1661410666539413
O34,0.0003464412355847,-0.08897051392458917,-0.15067163586930485,0.09347447622420339
C85,0.0003457087322517,0.060276651665084204,0.09495592479255986,0.11396957249569102
D32,0.0003451438297219,0.1491803998032651,0.21472861562210793,0.10500115699942462
C64,0.0003443430994673,0.04010616570061273,-0.17417695825362722,0.05691002412372674
J02,0.0003429271261496,0.09546718111206917,0.18772978702832205,0.10891331480160725
S09,0.0003414609129652,0.15290900221641818,0.12610211745017522,0.1166292470964121
R31,0.0003382456654792,0.3119397792561523,0.19916958553598474,0.13277168360857883
R03,0.0003360400287416,0.2085192526611544,0.2194004506087669,0.2322586203898872
A60,0.0003335121221558,0.3204809563016911,0.31321642919652976,0.2721172538869226
L40,0.0003331243015606,0.06512138597468299,0.131421954708678,0.11663815052133555
K63,0.0003330336029603,0.1634312736161039,0.25321124224405156,0.18791821150980892
I15,0.0003279822537559,0.31498181144402526,0.24769995365062103,0.3242559031748131
B18,0.0003259693056732,0.3725356307958312,0.2687930317148412,0.25235546604460984
K80,0.0003253845838243,0.2925340935312466,0.09111777142020652,0.16785656017691672
D21,0.0003222172855072,-0.09828986759572447,-0.07297961719774783,0.03138773827922894
E13,0.0003167533587939,0.40168350356909704,0.3603975680108239,0.34140051005244393
Z32,0.000311056935661,0.07934374379285103,-0.16191910164409024,0.10178222092397393
R30,0.0003072196978919,0.24607600077353745,0.12614584990883856,0.21031389460708003
NAT.HAWAIIAN/OTH.PACIFIC ,0.0003039855936182,0.05615829309025003,0.07167560531244543,0.024499498007550784
I87,0.0003022954176247,0.24419681242900265,0.06956180359441372,0.14034078384199783
Q25,0.00030215955405,0.16321024488354025,-0.09843555281593032,0.07687951776027278
F31,0.0002981674792433,0.2621040418930044,0.27938931395445854,0.18372397591025588
F12,0.0002979015167381,0.1206864536974161,0.2778052995624643,0.2368058048369883
M51,0.0002973488481774,0.22208504779131047,0.28765889694701097,0.08598539719472133
O36,0.0002961465984829,-0.0751696784364948,0.10848652167343528,0.08835658802667123
G45,0.0002956096962569,0.16326951945499135,0.17773861096951948,0.16149355787686645
K44,0.0002930243935222,-0.20971414246806372,0.08058609303657904,0.1142669113264013
M21,0.0002874495555644,0.22680471119681006,0.20209705314859855,0.05095369725746116
I83,0.0002860343981083,-0.12033529657976064,-0.08461417536929199,0.07045998792790034
K29,0.0002819367788906,0.18730148359621224,0.21108181594644512,0.18338095784514905
G62,0.0002800776955701,0.24845187201753305,0.19005078288520652,0.24072949953587702
T14,0.0002774123163844,0.05295452905236086,0.25445227735080717,0.10850036535730745
N25,0.0002761266431749,0.35731091600900466,0.32186505828911594,0.39208889688731685
O42,0.000273238484601,-0.1046072922186534,-0.1625568501276072,0.09672731604356899
S02,0.0002714931113198,0.1190485728585805,0.12255861984668304,0.09801807687289382
C92,0.0002704784979171,0.0785246439414212,0.18549190919464678,0.197450244656623
S62,0.0002696341607209,-0.19374468222599897,-0.1278402800868994,0.04877570799234106
D72,0.0002690003324404,0.40983939235476674,0.3972930628509862,0.3306403313294991
E88,0.0002678338783221,0.43169072834969663,0.37517916115618233,0.3383851372759601
R62,0.0002659586873751,0.31875640554456697,0.3216100051999263,0.21365561687291273
Q23,0.0002619277749746,-0.09392211749173154,-0.14579584199974444,0.09517696396291649
O30,0.0002605853551763,-0.23471281466799163,-0.11235011606331123,0.05493448612634525
C56,0.0002564839831577,-0.1768518930527144,-0.0913823418337308,0.06543581173951368
C81,0.0002557812813911,0.19637892010216051,-0.19263374371440603,0.13605363563808237
T81,0.0002555803712891,0.09385856045592922,0.05244192257684686,0.21565295587516997
J20,0.0002545961954023,0.36015575253699916,0.3941026000125942,0.3562882657967203
T82,0.0002541995344993,0.27385826428490034,0.2055799616077735,0.24845965880519452
Z90,0.0002512812026596,0.21903842867514056,0.1355849758506384,0.15287370465518932
K52,0.0002512404764595,0.12593143826980324,0.20086349092495856,0.12449087648037604
I33,0.0002504218771252,0.23100714758853427,0.3830045259266599,0.3171114504799217
K31,0.0002503256102613,0.30409563270273576,0.23462372070398319,0.23436412125719663
O47,0.0002502419813053,0.1695533040649536,-0.19109917719461103,0.12461531659422379
G91,0.0002473774353287,0.07986310786939319,0.2121809540439672,0.11442103774207944
Q22,0.0002466683809411,0.16608792767078875,-0.15934927158049103,0.09655226093631819
T83,0.0002457731904343,0.2322387302484026,0.26669485387903924,0.21779169478588384
Z02,0.0002454281674615,0.2632094141558778,0.19259317741275556,0.3035299718978297
R14,0.0002449877559162,0.4407848868281217,0.4090002875349431,0.27219251074508416
I07,0.0002426855179033,-0.05318448957668917,0.1794401430228257,0.15547111927074106
S01,0.0002423814273312,0.06034584967709368,-0.3188368610679569,0.05374170952117118
Z28,0.0002407469510184,0.270672163903109,-,0.2528030441347165
O82,0.0002394571950189,-0.08600720117286192,-0.10984890479545038,0.025879712361706744
J94,0.0002392832629751,0.14375248121781678,0.24802465098423718,0.34908609269541196
H40,0.0002383783900533,0.3105944832459131,0.41167120357457343,0.23992531252634852
H35,0.0002375092638967,0.11875671304273448,0.4413867653261331,0.19309570118172278
Z59,0.0002374025871736,0.1368550931367988,0.2939654194822939,0.20792647842861448
C74,0.0002357895568563,0.10071946961643509,-0.12559675786756597,0.036462106282270416
R22,0.000235406140773,0.14149960296118927,0.15682973741356468,0.07394232436978154
L97,0.0002326378000438,0.22684561741929832,0.2373930933181989,0.22846061770786663
C54,0.0002322055153853,0.08393051140500382,-0.0965047267234091,0.032945671282421735
D27,0.0002319631411165,0.3436013003097661,0.3259680169378648,0.11157980586370617
J34,0.0002313386959103,0.19637985464309526,0.20114443740488192,0.19163258357532328
J39,0.0002300463244086,0.3819446172096342,0.16599536694378753,0.2009648477982239
C43,0.000227563267927,-0.16545579293540982,0.10033535695004835,0.05000231827498512
E85,0.0002264164121775,0.1165777317420108,0.16528405473570928,0.1399341053773
Z15,0.0002259815211614,-0.0991413041690785,-0.17449510919238098,0.09154031860218605
D47,0.000224694860318,0.27718937177510317,0.17231088098681288,0.16676697281911254
S82,0.0002231298312147,0.07505933673258015,-0.08514394519789954,0.03916778475462055
S13,0.0002226015411027,-0.3041351546517567,-0.32854669642931994,0.04422705849654324
E08,0.0002221560047422,0.3966954750566565,0.2206556316030627,0.3749244170709198
J40,0.000221937116247,-0.2153828658565086,0.3882070914631024,0.279993566944299
E10,0.0002209098395126,0.2180495495843928,0.20512154287074413,0.28621923098012336
N19,0.0002203584701872,0.43889379680776686,0.4468227777965227,0.47339461798349247
J91,0.0002178249820364,0.30957240434484395,0.26729827687122454,0.3337912694038362
R35,0.0002174716044462,0.20464019304477088,0.194581238210484,0.20894930531219363
K74,0.0002160070699424,0.28200338533138447,0.19731481496866832,0.231213793738166
S61,0.0002141333047767,-0.2966301092587234,-0.2719724364656794,0.056200707660843535
R59,0.0002137732408011,0.17860923851555377,0.15323746261048007,0.12050102984771195
I96,0.0002135040620002,0.33909980947936225,0.2602995052927587,0.24769405126360675
A31,0.0002134080996445,0.30704295971404816,-,0.25946444207161967
S52,0.0002109899844172,0.06027398194607188,-0.1825964026353135,-0.043368838780102746
M94,0.0002105494129696,-0.30165640036567876,0.3208682684860139,0.15283827475765346
N92,0.0002076917120096,0.05293915945573179,-0.18015351096801566,0.057585735705048484
F33,0.0002067764118932,0.1536866868235792,0.22745265615114327,0.1990766598902979
K75,0.0002066821298324,0.261911063787778,0.22322560264694832,0.21508383542023288
K04,0.0002063643880693,-0.11696823286548168,-,0.08275389700479917
L08,0.0002061748233381,0.30543595606111196,0.14608026932602872,0.21108745891759426
R44,0.0002058304479396,0.11307803999875496,0.1496192898937345,0.162837362795545
M16,0.0002051110519208,-0.05183771831097462,0.048601898596137776,0.014939253283921098
D05,0.0002042784894338,-0.18345085107527803,-0.18574073635208888,0.04042116585299992
Z08,0.0002040687463998,-0.20784255460632597,-0.2273910264737891,0.10552014383274891
M75,0.000204066263833,-0.05290817996262021,-0.07525503627144937,0.037639884358369034
E53,0.0002025816849029,0.1663102372989806,0.19279940175701213,0.2616095243041281
D24,0.0002025164047298,0.15655864455201884,-0.12268084279825135,0.055978717080464
O60,0.0002024016570563,-0.12276681943976918,-0.23764599323262503,0.0871887251776921
A04,0.0002010530450765,0.3507972527314838,0.3683709642758419,0.3605960283334715
M40,0.0002004594448876,0.24231024152725636,0.1646984695270105,0.12084089123405109
L89,0.000199530141476,0.4824053768596335,0.40335636069080905,0.4493113501144817
M10,0.0001989332861515,0.32928735482671373,0.29495144259093653,0.311121116678879
E05,0.0001984156978524,0.19195293177631997,0.1844580859249234,0.17751846425066836
G57,0.0001983148801896,0.21381448754593418,0.3759649791137529,0.10390622599455752
I69,0.0001979146612814,0.3970385860344655,0.3422985445145731,0.32738157587834116
F84,0.0001940806367651,0.2566572008034467,0.16187261786248633,0.1342293415033547
F43,0.0001899137594191,0.274436681610898,0.29036223296230956,0.1735359257154235
O41,0.0001898887720651,0.16809378547512463,0.14585849743342502,0.1336918703097023
K72,0.000189188701634,0.38557662481131894,0.3951067996033173,0.39049389927066064
I72,0.0001878807968687,0.20720650635635018,0.2064468891180962,0.15282185668450485
Q89,0.0001876310100395,0.13010413140608668,-0.2716688614578417,0.12705595076894272
Z52,0.0001875004162938,-0.11375669901549154,-0.3827789151510698,0.05608827546591096
S06,0.0001873759979878,0.17595370707375205,0.27548570035493797,0.1745450918415575
H91,0.0001870192064805,0.1436629189587458,0.20979578195267465,0.1533917179744573
Q24,0.0001824559851224,0.09502044635997345,-0.11288269731049151,0.1112655831166575
R69,0.0001802885251486,-0.054363713592565824,-0.16823615587858692,0.02342721143404182
J68,0.0001800780732237,0.41967295957159234,-,0.4271793628461594
D35,0.0001800228213352,0.056739371889119,0.1817590372006745,0.1181731972688564
C20,0.0001800031825037,-0.19252898028339624,-0.13397998150793772,0.0310246374216938
IMO0001,0.0001798017924912,0.3316358016609065,0.3676681355850731,0.2518544959624936
K64,0.0001796739644501,0.18512558887115677,-0.054022280747354115,0.13252658997971445
S72,0.0001794600703091,0.34031633475762685,0.15211979537167,0.0939587025209339
K61,0.000179123589072,0.26603396195142587,-0.26227360962990426,0.12119262773572187
I12,0.0001788155847776,0.28123833996842473,0.3523931527836826,0.363444619122707
R58,0.0001766483501258,0.21798671247169782,0.24023165343053293,0.09581244280344109
Z21,0.0001763834243137,0.27118833377780605,0.30541613223799363,0.252237618896301
Q03,0.0001757486497355,-0.3043689570676449,0.3555733079195766,0.17357192111471254
H25,0.0001752635868749,0.2398628951094597,0.11390215514751119,0.15650464907176545
K91,0.0001744430346667,0.38485925026422196,0.12578406545474122,0.18943381006116253
C80,0.0001731268442816,-0.23490602818308925,0.10285118347676918,0.11597368928820545
R90,0.000172872349543,-0.08142914396880395,-0.14120920542004067,0.09539090909808146
M85,0.0001719129563421,0.26075670199615464,0.13784957012541416,0.18073885148419747
Z53,0.0001690646265904,0.23730798697881456,0.46767598301587227,0.20501496568365282
D62,0.0001685729458458,0.4098257355094335,0.24212473364061124,0.3314564227107814
S93,0.0001671320923776,-0.16387056068289574,-0.14627373641093663,0.05810144382480175
G72,0.0001661817398626,0.44723729015187347,0.4519992327442663,0.37799378416941526
C41,0.0001655544211202,0.2434709892083135,0.07381407611963854,0.04806121728048875
L30,0.0001653638364068,0.08143815995618751,0.27046723080769414,0.1656594816914399
D58,0.0001651242049952,0.15530502450047648,0.1657950011259816,0.2249413915996299
E28,0.0001644901631809,0.2931355211056039,0.38568345274182625,0.16971494817093444
M89,0.0001636532532381,0.2733406496058264,0.3356809434666807,0.11129550770503645
C10,0.0001630054315228,0.22540597796293257,0.10207566432858181,0.05694066014261426
J86,0.000161348198122,0.40084768620812194,0.43531611766445705,0.26809327297784996
J47,0.000158003754357,0.22783284266372741,0.11691571296788235,0.2693553219896419
A40,0.0001572347586024,-0.315630420731226,0.47102569632106256,0.3988538591197327
I85,0.0001568796365736,0.1327928932658887,0.1954194572786389,0.19056754886951885
O44,0.0001540817083865,0.25948692040360816,0.1790415270859161,0.1398337040802075
O02,0.0001539259434703,-0.20788317780118326,-0.23177994590115136,0.05553808942759487
K08,0.000152952884435,0.14488330964164517,-0.13627410677865978,0.07109113181774353
K81,0.0001525194909961,0.3489109099257305,0.15116589830437233,0.20143696254221147
Z38,0.0001515047576638,0.1282202148773637,0.1261290742798977,0.15444755054331388
O13,0.0001508363883293,-0.06177514581206301,-0.11805096873192014,0.10288994215430108
E80,0.0001500503093068,0.36789876976816377,0.3906969571605253,0.3099661754677889
J38,0.0001488414254099,0.25394927843007586,0.10829577446988123,0.20007381108799063
E61,0.0001488021256667,0.2607262204268454,0.2611587835567024,0.23182031567255562
J41,0.000148687245575,0.20937733273484369,0.5056525786130083,0.3322340972908951
Q90,0.0001484873622623,0.37275576783448566,0.11056474915252257,0.18353945489731605
C24,0.0001480992875207,0.33596365280488877,0.19625796755294858,0.12824031507879136
C44,0.0001469439787362,-0.0792025957925255,0.10039234056517407,0.09737267095382666
C53,0.0001464380827701,-0.10256657803805908,-0.1411183619110131,0.026634675298988643
U09,0.0001458022275197,0.23534404742981196,-0.2738000083027907,0.27757906688032546
C06,0.000145794247869,0.1575927968463223,-0.2223775691896097,0.05437696751437808
Z31,0.0001454522366747,-0.36961485028863095,0.15247287523377978,0.06847125533822106
B37,0.0001454501477043,0.33833722657811105,0.34702347981860676,0.22083179936273337
N10,0.0001452144954335,0.2999876595142247,0.12430719488044283,0.2699930130944103
H54,0.0001443090421881,-0.10628038931500076,0.2901082338827783,0.20259688058263192
O03,0.0001436151612177,-0.3265281665344664,-0.30091744783421576,0.03933981558695664
O23,0.0001414138871489,0.20177070322878654,0.24032379319023078,0.14338915174608285
N64,0.0001404911761765,-0.07127201147728969,-0.16090898412700375,0.041776361371147284
D59,0.0001381087587951,-0.13149451014600694,0.1256514406208412,0.18933354565047847
D46,0.0001372565979823,-0.1711088528714272,-0.056044881375378344,0.10729888710967533
Z72,0.0001366840872148,0.1731730490175487,0.20220214982641882,0.25160047620698167
C15,0.000136330598641,0.0566571230339865,-0.11573721992755724,0.04623381125680817
Q44,0.0001352842865536,0.11659105610932086,0.12563630255448538,0.17942239854717618
S88,0.0001341928280366,0.31215990464874804,-,0.3044268279121777
R25,0.000133581664302,0.2974634520242675,0.33767730335043883,0.20598212423238182
B30,0.0001321551973561,0.3958886678705903,-,0.05428959868656329
T50,0.0001316364226477,0.40080602156856376,0.43430095002596314,0.2793757240886194
S92,0.0001299321823268,-0.13137239161703065,-0.41592322924206143,0.03885633286021019
Z29,0.0001293440554255,0.3989014538446287,0.31318504543434206,0.2459724160978079
R47,0.000129132245093,0.30249905132646737,0.2863807140081154,0.23444676561014646
O10,0.0001290176054658,0.32409682704766873,-,0.1233700385191161
N83,0.0001287977530946,0.06587826433908953,-0.06467688149931111,0.042125521773302296
Z39,0.0001287686008451,0.15396607383932234,-0.11574066892732354,0.09970212008803027
C05,0.0001278232656028,-0.23362641298346998,-,0.07751394567517333
F11,0.0001264158698659,0.4111043651787748,0.4510950736812276,0.25137349777905393
C82,0.0001259361985084,0.20618222057194685,0.0873656491984797,0.10452342966542431
R61,0.0001250516961029,-0.30600361706753076,0.21018067510020952,0.19961470482209226
G96,0.0001245638823488,0.16368983560304787,-,0.1339512532090833
S27,0.0001239000204606,0.2149158943050587,0.316613317783671,0.2823067235624512
I61,0.0001237841232025,0.3219886003419882,0.16494213217751963,0.2576409529899129
K85,0.0001230441302917,0.2734901460763654,0.22533508628607551,0.22030634124360046
O21,0.0001215655654687,-0.142354370068929,0.16977842151701267,0.09168799067172337
N73,0.0001190843488153,0.13272323551945492,-,0.1017890479382065
Z89,0.0001185732008156,0.11523024199239856,0.3016250193164874,0.25088563174253725
R43,0.0001183586839493,0.29381996387871917,0.31892158101403856,0.22220176969265346
K14,0.0001172981867205,0.13089421407380195,0.1712037150225913,0.13240117810433197
C01,0.0001172230369663,0.320820267065702,0.29941741101876,0.06756055522710092
B35,0.0001166471618904,0.29390651117111366,0.24036221789031134,0.18496463212351816
H90,0.0001161678483054,0.26340891173159114,0.1864158204249878,0.07533648506905347
G81,0.0001155523929576,0.30797180938379626,0.39117259807010873,0.2187631307579377
P22,0.0001143038929617,-0.28987997152803546,-,0.13252262495999206
I37,0.0001140713075164,0.13343499942478876,0.24002249244552737,0.114554997271337
K60,0.0001138272619658,-0.2915893983072338,-0.22862203850532983,0.044799751037048065
O16,0.0001124872030379,0.11938347465371513,-0.2520647859216153,0.11197868926256406
H61,0.0001121641213226,0.26481418051506983,0.25307302935826054,0.13177066768505974
G31,0.0001119970345799,0.4329269967417096,0.4744787882849321,0.2127197331380775
D80,0.0001106943762626,0.2411421596446641,0.21855785257810323,0.27299967668624636
B94,0.0001106586039802,0.40324252751245654,0.1467839362515876,0.3631321122841083
O43,0.0001100979050617,0.2575234791835905,0.13432597203924948,0.08086492350647001
R49,0.0001096192062995,0.184254198820988,0.27120681539981356,0.18665704061147265
Z80,0.0001095934217119,-0.074453702690548,0.11178833615631976,0.08148711145308012
K43,0.0001089320209876,0.18721930525382652,-0.10593191940792775,0.08630958499295265
O46,0.0001085506566376,-0.18897659652264903,-0.19255643762190766,0.08289498264467292
Q26,0.0001084505568067,0.3654488009079243,0.18619208510060986,0.10229870653770491
H10,0.0001081821363703,0.3693600448468031,0.16402773214274488,0.08884963039586234
M86,0.000107670257624,0.3847336246364382,0.3290275719065658,0.2457026156399613
F05,0.0001074083058134,0.4785944678341839,0.44688676674038236,0.49959297645761513
F50,0.0001070923347392,-0.18421323137213125,-0.28512030437005886,0.1878204654016321
Z46,0.0001066486926954,0.2512579099791449,0.4250113191023932,0.1472179090418577
D25,0.0001062553060221,0.1858681920301641,0.07108043414259144,0.05241955154050692
A08,0.0001042025270336,0.4234562146624066,0.3211670873366702,0.12077229714066032
C7A,0.0001038913576941,0.08807769475793423,0.15303152243355472,0.05591585430373368
G20,0.0001029826372894,0.2904818354692706,0.43220028850068076,0.1825903682051687
Z04,0.0001029209698364,-0.30873998145938514,-0.2747749035055601,0.1433515762620056
M80,0.0001028291348053,-0.34164469649163415,0.3361475361989637,0.11285262308395855
Z74,0.0001017392375201,0.3834484507632981,0.39608260351140967,0.32037433467430626
C62,0.0001011014270425,-0.2261411199957861,-,0.030152575690093834
G35,0.0001009240478989,-0.10639815443891378,0.3743574978235812,0.0524403190490594
K58,0.0001003473277092,0.24851203126575624,0.197237555089812,0.17813134419746007
K42,9.967559296886698e-05,0.1436641837107914,0.20413065557963525,0.12495726397308567
N63,9.964128867300304e-05,-0.26371385767486005,-0.1064669102278055,0.05170649179238423
K35,9.941888888459816e-05,-0.24063034638467565,0.08674374339586162,0.10070017436042546
K94,9.885798222546068e-05,0.07337225372000881,0.2997843304185248,0.19015722426384876
N50,9.790507100156272e-05,0.052971187780427004,0.13054144578728427,0.0708903241074237
Q61,9.765900402114204e-05,0.21084770928431149,0.36731709038263066,0.1682354191804215
L65,9.737013960141608e-05,0.42818978509698535,0.18785604372800385,0.23688758406579236
M1A,9.701251321956607e-05,0.25279532327051163,0.3626299393935437,0.25569319495621284
L73,9.601572330323752e-05,0.27320303705732507,-0.219979584165474,0.14789327760697848
T68,9.554081658323832e-05,0.4138128767494511,0.4977343623875839,0.47408525132836976
T65,9.510167238208352e-05,0.28697075616062906,-,0.10394767577731617
E21,9.463798603555129e-05,0.21064273648934798,-0.16805800084129538,0.07521836452907467
M50,9.353145661190162e-05,0.1814021291008222,0.1397557084538795,0.0704109791890005
Q20,9.348685988707296e-05,-0.1006554824071121,-0.09665384458456076,0.060656226190315674
I24,9.319653179807391e-05,0.2037908578564294,0.35910817205938483,0.2225719571572647
B27,9.157201631861823e-05,0.24250998193852832,0.35679284653184445,0.3307505579822594
K36,9.156577100361244e-05,-0.31001328562681607,-,0.15004440001169245
Q87,9.144043114621662e-05,-0.277001031310908,-0.12402386641571411,0.1355855626713385
Q85,9.111153900374703e-05,0.4292345470659424,-,0.06479914855333645
N32,9.053501776519476e-05,0.2587130844977596,0.2102314247961528,0.13061968865402748
Z14,9.032959406859252e-05,0.37719468218002744,0.13804543446730905,0.15934556522335694
Z82,8.94964944526899e-05,-0.14681206620197032,0.09298153976383701,0.15574142977218974
D17,8.89810174416376e-05,-0.10686522968016127,-,0.055014071155522724
S42,8.872013923507974e-05,-0.11703749607725493,-0.0703889077304119,-0.030954780716531044
10000,8.854218803272677e-05,0.4413223315624828,0.2708288133633762,0.2372232195325442
R80,8.795919314326523e-05,0.39370275988576164,0.2820201975057373,0.3344496443357894
N43,8.768541272409695e-05,0.1812013211678712,0.11254595523033731,0.07923212870506206
P81,8.615971525412845e-05,0.37831063689068006,0.4173304901985779,0.3104970608456076
V87,8.565538703966007e-05,-0.3065547804491665,0.35824281942905956,0.05957397341257508
Z64,8.5017891094334e-05,0.15361926476032514,-,0.13992302427541348
M87,8.496465580074945e-05,0.38991188723718906,-0.08730663790717681,0.1335369363899134
M26,8.454413356149924e-05,-0.24535289041893915,0.28797570714330323,0.03518408227153216
J85,8.448887160476308e-05,0.32413683088862744,0.26437615805338577,0.37302473258418734
O20,8.37673264470319e-05,-0.2049435402552623,0.19738397141283054,0.05991277056938348
S81,8.347584694194707e-05,0.18246488839453323,0.1381653601245558,0.12374526999368393
B97,8.330322935961516e-05,0.23687220954374802,0.1358541200558918,0.20691837208477973
T78,8.211042721613424e-05,0.14038343986573656,0.1453216110422485,0.09878080320948814
D75,8.16633726370423e-05,0.22878081297674546,0.24520465583446188,0.17785183350044276
Z22,8.164352067765354e-05,0.40123778834922097,0.3483013387293816,0.2868239978812744
R12,8.152374750597256e-05,0.2821665963465894,0.37749165547416874,0.20359851096606302
R39,8.130454612289722e-05,0.20742137071071323,0.10755708987388057,0.17280377192087165
I38,8.124149075686261e-05,0.4084523793346134,0.2512358479139314,0.3218269054529672
S43,8.106872747406508e-05,-0.24385227172302734,0.11270438722903113,0.03456191049394151
B00,8.035202805883986e-05,0.26086222885086124,0.26811141340311784,0.20860404618708372
C73,8.03209251608504e-05,-0.06221078616664116,0.0968323532682227,0.03778164163539317
J05,7.989849624913064e-05,-0.31348427630858766,-,0.02544670612837698
A49,7.978456564254992e-05,0.44996495807342607,0.36578026117254586,0.3695523402617549
S31,7.977749345002558e-05,0.1725046110382165,0.40371577578146134,0.21970242713605995
C95,7.918520156366198e-05,0.2367423327038863,0.3367644656699422,0.14242432539978622
D16,7.860689822070097e-05,-0.09926113367477395,0.15248802383081064,-0.03815562408423941
P92,7.824470371913832e-05,0.13463275979758121,0.29213761828917517,0.18189751235293816
M05,7.786531684038905e-05,0.15711924497352653,0.21282388817276374,0.11598658953938636
E89,7.757996365630004e-05,0.11670684755007905,0.18974356093850914,0.15383899431111872
N89,7.573633973123838e-05,-0.09299161955318842,-0.11937880390987929,0.11255156375566784
F14,7.491061433479622e-05,-0.1118240420922063,0.3101679276985755,0.18554700687556927
S91,7.43097078007479e-05,0.3154908783943906,-0.21579119700593313,0.09547078942789762
E84,7.409517415605016e-05,0.17834401868216584,0.1341391446294833,0.3283682780334496
L60,7.39234692721158e-05,0.2563738962392903,0.4542730334757159,0.11566283127419912
Q27,7.380184046196727e-05,-0.07764806938933481,-0.17911244197733697,0.08932364930310277
K90,7.325544089776109e-05,0.33803056210109994,0.11348988179569855,0.18894520691977706
Z47,7.287017360133596e-05,-0.178872139479824,0.06795025575743324,-0.04852387630729026
F02,7.282906723124725e-05,0.40302429962405184,0.39067091384463615,0.30790039014359805
J21,7.218903439271331e-05,0.3695781241392691,0.34278022017165866,0.19090107962950334
G80,7.201921522278401e-05,-0.08530213427051002,-0.2615604232377849,0.009591621289259304
M95,7.119986554659878e-05,0.14277741842308378,-,0.10029907946613491
T38,7.096736657917904e-05,0.41977629947913764,0.41342990134332747,0.36370597620765355
F44,7.093826952375651e-05,0.27596789856358095,0.47706770423026207,0.254535206643634
D18,7.09052244218949e-05,0.14287586149848625,0.09759187609372892,0.12231159803178523
O32,7.018628539761945e-05,-0.14666734077402743,-0.18822109975383364,0.05922781002655157
C23,7.0084442992106e-05,0.09164792371450049,-,0.10271128032190639
S41,6.983852577827514e-05,-0.22943618808703617,-,0.07067302532293926
N76,6.827541107844794e-05,0.22912599531362088,0.34027986616862554,0.1355282636118434
S83,6.766134178030648e-05,0.1676637734000856,-0.0623299592716923,-0.04716902619190963
P96,6.75898519022166e-05,-0.30456027999604657,-,0.12849507979165892
M62,6.713156447911215e-05,0.41315433838349663,0.29818388503303833,0.16667990794122
G50,6.693490901893073e-05,-0.3011159020979017,0.19279718499443876,0.05194106672298844
C51,6.620577235171331e-05,0.12532994021345822,-,0.06309135221597253
Z63,6.6168836731906e-05,0.3885286987040831,0.18928513169380815,0.16294141979322901
N48,6.458474929908792e-05,0.17615315042234936,0.2560396624894493,0.06825199693557783
F39,6.437895694634985e-05,0.3071700437649343,0.3363181628107742,0.16630135661176548
N91,6.426463734569265e-05,-0.13322920515487763,0.09692615481598027,0.09391527800228346
T87,6.417510311644599e-05,-0.30409582109692274,-,0.16337168698342794
T85,6.407005932584823e-05,0.28552008897111447,0.20192233225796943,0.1718439250346146
M24,6.369669568883718e-05,-0.23147358491804335,-0.14522980369128574,0.018690427030744975
E07,6.359003527928257e-05,0.26091976912418435,-0.2769918414457516,0.18481333745036138
I16,6.353302463533115e-05,0.41126466525352895,0.31717209028961924,0.4033009271647134
H52,6.314420735187278e-05,0.42800968584123705,0.2873100415013558,0.18749740080630434
I08,6.312246637487283e-05,-0.3302716917396123,0.33085374204698065,0.22308112836695163
N81,6.274390877942941e-05,-0.3048178356817632,0.2370741966465613,0.14080567244889208
T21,6.26675505252042e-05,0.2737267905088187,0.44057581179573757,0.25352361198211276
H05,6.236598812744439e-05,0.1400684804992668,-,0.055321072127599104
K05,6.150113174117295e-05,0.11584764469984382,-0.2764728815542237,0.09414311679209969
Q04,6.094354087164855e-05,0.18948560479173357,0.34860284530692187,0.1494572363197275
I00,6.082042284190876e-05,-0.3062709469222808,-,0.2032211946076435
C88,6.022829366588847e-05,0.17628197852176136,0.21120925218781036,0.10619790408116472
Q53,5.8943062985020805e-05,-0.30495413245199954,-0.2718359978008066,0.1456159697491271
D56,5.8571279823320926e-05,-0.11255690841626845,-0.07815612482400096,0.05146983197990295
K38,5.856172949148525e-05,-0.30839329663516213,-,0.07421573207793898
N85,5.838522196318573e-05,0.20115833099237934,-0.13335595884588394,0.07373840763251492
K20,5.8379761676888266e-05,-0.2997069203780055,0.2830961530014564,0.09369482365915639
L27,5.7860302719877545e-05,0.18960743658473636,0.36499136422664175,0.1973705984995923
C32,5.7730926132389736e-05,-0.3069116102639503,-0.2090292601937586,0.08279943197298155
H81,5.769814949296791e-05,0.18989446727384654,0.28351887009059,0.1966394224265004
P83,5.664437030369326e-05,-0.31346330724860794,-,0.12301577481181575
Z65,5.597997206153001e-05,-0.32899224490146856,-0.28463557656191635,0.21906434470821765
S73,5.566446987603585e-05,0.1003506930190125,-0.11660500170361698,0.04834247568141447
N41,5.469588173341826e-05,-0.31076540194973307,0.29245811306369307,0.1878259753776263
J81,5.39630457970497e-05,0.34367799059113474,0.4485220855691477,0.46098639915547085
L98,5.3942034189329176e-05,0.407956076633284,0.2847772917969814,0.18321416060917614
F60,5.374492733451813e-05,0.20279703831176654,0.17029782494114826,0.1960321197493571
K02,5.358913773727441e-05,0.11490035447936665,0.17339955568304097,0.08210845810036146
Q35,5.343242938509958e-05,0.321775743857261,0.2939591276994615,0.09248882708408308
N99,5.341660420159219e-05,-0.3044540526660847,-,0.19059289551529282
G36,5.326596539118373e-05,-0.13922768822777337,-,0.05602534095400826
E01,5.326079890806789e-05,-0.31626512174651283,-0.2875435697269812,0.18404389617338468
X78,5.317643987068148e-05,-0.30522971880911925,-,0.16982882574087707
K66,5.31372959358782e-05,0.32047966361216523,0.30011304231699115,0.26813888371977507
P07,5.244800673879732e-05,-0.10776467377618143,0.37949837084795196,0.13713953052925612
E06,5.1851402602178696e-05,0.22964895594363294,0.2773434753139222,0.17988307936609377
J92,5.155373636531795e-05,-0.30643977809980477,-,0.2833782770702023
H00,5.075920405362236e-05,0.33853798383343003,-0.13404140489790942,0.057916709163688275
T80,5.073542376624788e-05,0.3302364586627464,0.36545834084094025,0.23516932192269552
H60,5.0021190276670025e-05,-0.10040919894862856,-0.22316480779752967,0.06529014654559408
M04,4.988020145881913e-05,-0.27394548653220535,0.4858041487035775,0.28294679271842893
M12,4.984071707057526e-05,0.14877011374878737,0.28648686574020754,0.04871916892132691
G92,4.97744668435995e-05,0.4825513306815202,0.4594413243619342,0.5471930181288702
P00,4.793784788957271e-05,-0.2920493800053699,-,0.0968051426064797
M67,4.736802594528799e-05,-0.29315445644222454,0.0888216530135724,0.03876398293143999
K30,4.716219297616346e-05,0.12075216276233956,0.12795637298906112,0.22764784417045347
B99,4.697320161869077e-05,0.47686108115077336,0.22674825382251934,0.31969697437935546
L02,4.664151687341599e-05,0.3373930566266905,0.22278158815089472,0.142124183606684
S39,4.65076145370599e-05,-0.3029665643546628,0.3861991693844655,0.033901069234936514
X58,4.622710855497918e-05,-0.3553169386702489,-0.23202049295235985,0.06248254423057983
F99,4.60894258825769e-05,0.15971447994193716,0.3261092014696896,0.22159715288970452
P78,4.6079224986261016e-05,-0.33512145053027553,-,0.17053812793525544
T40,4.536441964313391e-05,0.1477247697126381,0.4437884909062552,0.2745680017058179
H20,4.521681267188217e-05,-0.31922566634913907,-,0.06802335414460085
H66,4.498277528818842e-05,-0.09597470825617582,-0.11601296438528304,0.03105564360838023
K37,4.489800214397715e-05,-0.31675340895992615,-0.21354797856608382,0.10224252997291827
O90,4.485195264608411e-05,-0.31917784361069884,0.27983649028718005,0.10920301071214818
M76,4.468808939147102e-05,-0.3141069198835324,-0.090037428843463,-0.05570921720410339
J69,4.462777936248453e-05,0.4559509638924817,0.3645866758220947,0.4228104982059618
Q54,4.4431868388909055e-05,-0.3044560762824928,-,0.09605044990633511
K27,4.4301890034384926e-05,-0.08440773096571633,0.3764233094261001,0.22163143587782858
R15,4.380416574922441e-05,0.4510366774900478,0.11352008718352652,0.12664316114441357
S69,4.3468621536412565e-05,-0.29632009232063494,-0.23434785456855978,0.0395374998641488
J03,4.286715788175948e-05,-0.3149586184345439,-,0.061025858486874376
X83,4.283153857711933e-05,-0.30781114220836736,-,0.17894386118086034
M23,4.267917072821279e-05,-0.25633762740194443,0.19355200872063924,-0.057397346727312004
H57,4.255288334028135e-05,-0.1254296434483195,0.28807139289474487,0.10489276606883534
J31,4.254672874426301e-05,0.34127786339399724,0.23183244735917952,0.301421467232129
R89,4.2253642702262914e-05,0.22452997520231086,0.14934964970163284,0.2300212105273451
D60,4.18384621741569e-05,0.3727265902141475,-,0.21910139853272945
H15,4.180022548639284e-05,0.3518529405294392,-,0.12570799825290094
G51,4.166580847765243e-05,0.21686289805544995,-0.15117835531041102,0.13615065775916071
T30,4.1587243158343416e-05,-0.13182812406336192,0.26439809145748827,0.08250539186688177
D06,4.13174691252606e-05,-0.30459716514812085,-,0.11117596510813853
T31,4.123737213243641e-05,0.14087570525203913,-,0.15568413397002395
G11,4.073816584222342e-05,0.24234159142994469,-,0.1101069589477495
Z19,4.071996086452419e-05,-0.30715742791378886,-0.30742997209048833,0.09356758203496619
N47,4.0364942631018016e-05,0.21695677469837718,-,0.09694576956023836
S30,3.996275404927068e-05,0.452644795043286,0.4842937926280123,0.1617049117463771
S10,3.971150993989384e-05,0.44887235631960914,0.28791390375148246,0.137089788423333
N52,3.9583208590131655e-05,0.2963916783036027,0.2445915551223385,0.22656079411869942
B44,3.9447965001454806e-05,0.3682206757882467,0.2749599652238619,0.3408577419461766
K46,3.900850292764335e-05,0.3062662861279911,0.1419099693683987,0.11552639789031773
C40,3.836659517684182e-05,0.3606429665220294,-0.33684225507442545,0.027689387880040158
P59,3.8244549388729925e-05,-0.3044560762824928,-0.3051586746941044,0.16950496207048182
I43,3.800319171469603e-05,0.40756849507046145,0.15175357439717913,0.2209625030953034
F88,3.790518922254869e-05,0.32873721631460084,-0.28852947604058504,0.1506369714340546
H93,3.743542753789201e-05,0.2715336704966584,0.15347022532861174,0.09912658738702422
Q28,3.733895255271553e-05,0.19901817704827102,-0.1522710673435478,0.10104901880850489
G54,3.733780099652588e-05,0.11010709954637143,0.3343581307844451,0.10090971112432942
M20,3.721038672395043e-05,0.20808862487800228,-0.25207603118885036,-0.040154256248720537
E27,3.715409278920564e-05,0.3889720300492101,0.3115064387839509,0.17407969201151988
D15,3.714840405406221e-05,-0.2714519962825893,0.3578230182247259,0.1261625288014304
C68,3.6764458741532766e-05,-0.3246028825980346,0.12436492295770978,0.07538756335804644
I89,3.635274268771893e-05,0.3200903561830125,0.10241028573719754,0.1764777916443679
D42,3.6239816623598045e-05,-0.31150812094424346,-,0.06242372784967402
T88,3.593681504835719e-05,0.36459312107820346,0.16423364915167715,0.09959089670068888
C37,3.558645685156197e-05,0.3622631144140405,-,0.06537632622424791
W54,3.5564694173948006e-05,-0.3049924921674135,-,0.07424145556873119
B49,3.529540582722598e-05,0.4153206165376035,0.44072170418929646,0.3708494181652104
F22,3.527924630402367e-05,-0.30412543514738094,0.32807102190358584,0.16069904920794614
Q51,3.5211019176750654e-05,-0.3180203119991767,-0.21538315356801888,0.06939871076409668
Q75,3.479682827599083e-05,-0.3240832676660484,0.27812070470317635,0.07505489844966651
A02,3.47846493212283e-05,0.45750188244491613,0.45020898425902495,0.32752604807574887
K55,3.4032662456089064e-05,0.289183052882402,0.38772831559585763,0.20587291358356943
H73,3.3634688369707885e-05,-0.20429079566127697,-,0.038537239844419556
L71,3.353171461869031e-05,-0.30627240359305474,-,0.2299030595728887
L01,3.340910360024232e-05,0.3205966028512809,-,0.07204459975510101
M13,3.332344602692844e-05,0.1176505977828601,0.46675315017603614,0.11018791225398901
G46,3.323399649951732e-05,0.32358375434956305,-0.33932517983899085,0.03524104988958786
Z03,3.302644837728201e-05,0.39619827476589436,0.19820114704211653,0.12383045653940812
C77,3.287543022351827e-05,0.36318579269082946,-0.10257733686295943,0.0693005539664895
E79,3.286207275535765e-05,0.4275518786768531,0.3859187955702289,0.31394794793761194
Z43,3.25078800459261e-05,0.2506782921393638,0.32931000658313647,0.16275360083848975
Y83,3.235149146482663e-05,0.4152402673818445,0.3769229481766542,0.42736799581806983
O40,3.220182775501261e-05,-0.3231247962251274,-0.3079354057163622,0.0833114001283163
H49,3.192073915431705e-05,0.44787299591658536,0.2892545049259588,0.11946580527748335
S76,3.186559946204389e-05,-0.3196774747584143,-0.18954773020678017,0.043968675620525526
Q78,3.1707000920362446e-05,-0.30901088840795177,-,0.06447249026214302
T18,3.167960273521059e-05,-0.35185623676833616,-,0.09613371087920641
O9A,3.1426820971997795e-05,0.3306386720181963,-,0.13532758451086083
I62,3.124462080384962e-05,0.45313671055149685,0.232222506273377,0.31812206977883395
D13,3.0787464388079635e-05,-0.30403929567604077,-0.2744068281406803,0.081532611136079
I01,3.0594508178186494e-05,0.3004969960021333,0.42117271982278126,0.25640051488502885
O86,2.986120587410365e-05,0.13469345508455643,0.36088473696991996,0.2285774489272228
P70,2.982284898189663e-05,0.40244395030224733,-,0.13811561856543358
M08,2.965391478638695e-05,0.1167315081713859,0.24375680954395013,0.09841030591488914
G24,2.907541411234372e-05,0.4576566658199461,0.1921898193540967,0.1890500653298356
J35,2.897940038201384e-05,0.3876588140663031,0.1277290301201627,0.17386570164731696
N75,2.893993047222441e-05,-0.33996997939028245,-0.27709612597206884,0.04951594151902411
G82,2.8905388159690088e-05,0.46745492156529395,0.14969141831540808,0.23025915357289278
J67,2.865601225299313e-05,0.4342279404590372,0.30563484317501893,0.3865151116050076
H53,2.8635908619230338e-05,0.31807066260145916,0.21325790586727703,0.13965358837686603
M92,2.838709682706662e-05,-0.34290400533011084,0.3388524509357542,-0.05609566803183977
S49,2.814502997433997e-05,-0.3061909642178398,-0.2857264986527614,0.033162261088563814
F29,2.7700064002567395e-05,0.29605792191537345,0.14659864790196225,0.16136986261256706
10001,2.756589476697237e-05,0.43533246424908456,0.21076567368631977,0.27192336605609996
F16,2.7529499490489145e-05,-0.30530125818070253,0.28462393407419756,0.15177070267957352
N88,2.740359394237808e-05,0.40311328764915244,-0.1945533835144228,0.07850484154907611
S12,2.725934311517287e-05,0.20351371731950987,0.3629506325142279,0.09072306234544765
S32,2.7130039847967807e-05,0.17949730204021255,0.2127027140729219,0.11834535496458587
E09,2.7082988202377115e-05,0.39096692572076347,0.33699910318137055,0.3739635953453654
K12,2.702852371551926e-05,0.3394662395084873,0.10214582556856307,0.22244301984995804
I66,2.702844185769326e-05,0.45926317055778837,0.46484070903506736,0.18603844278874587
Q66,2.6864275737748544e-05,0.13509180439160168,0.3076928234339649,0.05777602085774866
T43,2.6386502140573467e-05,0.35055396293978397,-,0.28633204201005336
M46,2.636201810636014e-05,0.23196838175947448,0.45717387446398833,0.16136578246662678
P14,2.6289861301975435e-05,0.41095152480791586,-,0.22157558145713951
F01,2.626557494759899e-05,0.44573357679684966,0.35173354582126193,0.3953593283342365
F06,2.6178333170206765e-05,0.4930301689330615,0.4024538842528662,0.32442813084576955
N12,2.6169294476258207e-05,0.4086456971264914,0.2489679488941775,0.2516995309920568
Z30,2.6115406440089077e-05,0.24809307286414245,0.2752516882997499,0.10804920918157727
G30,2.5929722003106663e-05,0.4699276942715512,0.37956934868304615,0.3110392863586084
H67,2.5877681790056703e-05,0.403819292307092,-,0.552972117614232
N97,2.5334467696955944e-05,0.40296342181571027,-0.289140900862724,0.06192746271154368
H69,2.5177950081785932e-05,0.3416306600611859,-0.2886442270086907,0.07677262262632324
IMO0002,2.491595617568662e-05,0.3830337068268784,-0.05869891782877781,0.17171759227173336
E46,2.491574500627767e-05,0.4592196350803608,0.4647835027124654,0.39033076559024493
W39,2.478473399234863e-05,0.3301493741746449,-,0.24988375412124333
H04,2.431424315795234e-05,0.118350826721517,0.447803226946063,0.18312958099109042
G97,2.3617088004608488e-05,0.3794141543073875,0.36592769413513276,0.13643814249996639
J42,2.345975345470601e-05,0.47367588164031676,0.4380431782732178,0.4208035568993597
D65,2.339362601710884e-05,0.4241153364673101,0.41115650821348365,0.4163927059667562
E16,2.3238978498244213e-05,0.3981170014159833,0.28332199218806925,0.3100348781778354
S22,2.3159965170172696e-05,-0.3046919945121876,0.19836694427511808,0.13625188837664376
I09,2.310653810272196e-05,0.40440764317469974,-,0.24543975369135626
E29,2.287961280506492e-05,0.4033162352231809,0.13781595860408846,0.1731493576966113
S21,2.2663804914538707e-05,0.3777265413496997,-0.15395721001500381,0.17416503515823145
L84,2.2490474510346238e-05,-0.33729371676365993,-,0.05158363984454481
H43,2.2487397353847413e-05,0.42890608537905556,0.4456309942530765,0.16362501493536213
S46,2.214234830794634e-05,-0.20195288264025454,0.3681110740747806,0.022892252484045143
A52,2.1982949406052413e-05,-0.3326522009518023,-,0.19671288205523582
D23,2.180914731699248e-05,-0.10096769332990195,0.35737513353534955,0.11964291568586066
C02,2.1800148015164817e-05,0.4316244462442076,-,0.0680676841591296
D14,2.1015718152125832e-05,0.35135203266043274,-0.2870223150749733,-0.029467642011685693
F54,2.093481028382844e-05,0.4514634516305064,0.14085551445892777,0.3129664584654925
B36,2.092302695559416e-05,0.4514979949269964,0.31987911520436835,0.2065143962611792
N94,2.0879822655550765e-05,-0.17264514216936172,0.06095176879996392,0.03827965107928368
M31,2.087751324272139e-05,0.444785026993078,0.24522353834417002,0.1845237036453647
F40,2.0849573747836435e-05,0.44577525706775956,0.4081350746161275,0.15819657633038162
R32,2.081350469019641e-05,0.4731747337435568,0.4176628168619795,0.22655421818054863
G08,2.0701604367738893e-05,0.35730205246750135,-,0.15404613434869802
H51,2.0656997861650907e-05,0.4385149926768743,0.2501624797641032,0.21717067388984754
N31,2.057581457045728e-05,0.4306738069092192,0.4002155202859425,0.15508497703641713
S03,2.047057261352712e-05,0.43142700526824684,-,0.04281186172065837
S37,1.99702577633516e-05,0.2444320627033178,0.24741490898263405,0.17014545926543181
Y92,1.9619521755605287e-05,0.3279203526816536,0.4916323455422245,0.30523684211504754
H17,1.940688330592329e-05,0.3784102257490426,-,0.1628417205426776
P08,1.937337547921621e-05,-0.3166656006361365,-,0.1352419637437528
V89,1.9110119870535778e-05,-0.3088441197063872,0.16638742156775205,0.05304815266774686
C09,1.894738484755876e-05,-0.30452119887248064,0.29941741101876,0.024481955578961843
L13,1.870196717507572e-05,-0.3237022292340935,-,0.10701933334549776
R54,1.834107647181024e-05,0.43954826508280503,0.35602459322756375,0.42094807128413425
N02,1.7962903423119312e-05,0.4723182649720333,0.33779943586441474,0.36619795145368716
D82,1.7959013209335632e-05,0.3829401005510472,0.1572429510472145,0.13969129151536003
Q74,1.7276075256804076e-05,-0.31490510045133757,-0.24586420771316247,-0.05009069568654728
O01,1.7179964811262434e-05,-0.31091248374359104,-,-0.07044079233596558
D45,1.7179721038642265e-05,-0.3206556267795929,0.23707932034845539,0.10338232376355758
M53,1.704748232095038e-05,-0.3083113383584646,0.15060201855277167,0.04942357217369443
B02,1.6962361126669897e-05,0.18619753670861836,0.3628680590895409,0.18748244332305897
Z66,1.6953765471789004e-05,0.48415040251253055,-,0.6186074169954456
N84,1.6946560786878614e-05,0.12622479005430395,-0.30424532187781034,0.028336696098562437
X95,1.694541971947148e-05,0.41049338609098585,-,0.2990862314425178
C70,1.6422823675593978e-05,-0.3752724521488147,-0.29046216688755205,0.05581488019702358
F09,1.62684615223842e-05,0.36220415014684076,0.4583872618334773,0.22465146346427725
T24,1.5905390848904827e-05,0.3885471934971704,-,0.05834612404724231
E65,1.5808130707906363e-05,0.4091868771663272,0.4583872618334773,0.2825830481666068
G06,1.574048813778082e-05,-0.31166845373496915,-,0.18359826733942722
I99,1.548636789074927e-05,0.471015064575941,0.2666721054750476,0.24717864219667773
K11,1.541657668082168e-05,-0.10569194392698213,0.32244509497211027,0.06859276061252458
D33,1.5097490114677876e-05,0.11940471471279732,-0.15367844141535117,0.0580378703121617
K77,1.5084634531953509e-05,0.382889973032406,-,0.24835719023185418
Z55,1.5031269554161256e-05,-0.3129981724630317,0.2559101494343771,0.2802606920869694
S59,1.5023474411526251e-05,-0.3059080278703835,-0.2727642691120548,0.0571426384146669
N04,1.481445868376043e-05,0.4274154998639557,0.21211847038051013,0.17350708915399643
S00,1.4750869342223942e-05,-0.3409329973272262,-0.22651828964113943,0.06435537725664181
O88,1.4716712055990632e-05,0.41396411130151717,-,0.34693537279134107
H31,1.4318722676458292e-05,0.3784102257490426,-,0.1988074328057654
D48,1.3803437093223549e-05,0.4340340707015064,0.11346693695133792,0.07548535299283121
Q65,1.3626238035327565e-05,0.11812820191041412,-0.2900884881191941,-0.03984677507870586
A69,1.3429224840175191e-05,0.11850698164569319,0.32717062505201666,0.23572345633863365
M96,1.3059241535864578e-05,0.11560891244993524,-0.2294867072319253,0.07982678612749809
R75,1.3015217101824096e-05,0.397258427394407,-,0.5506375976841177
D39,1.286395528860823e-05,0.39597089741686187,-,0.07958210525027085
H18,1.2823514502696533e-05,-0.3064583110832987,-0.4064585534347461,0.10565631594421515
L82,1.2813895435589438e-05,0.43225536966966693,0.14064060101468345,0.21237438283667476
L21,1.276906304067154e-05,0.46750238150252055,0.4000603316065673,0.20123716228125038
D37,1.2745770566432476e-05,0.17116394287321593,-,0.12402325104709101
R27,1.2714783996730057e-05,-0.3046919945121876,0.3911974227825433,0.16107718869084636
M43,1.2505229327694028e-05,0.4372156582555367,0.19763361596868803,0.07901341997738527
Z41,1.2490819235611926e-05,0.403303500836886,-,0.03650032856901574
Q34,1.2402049062376468e-05,0.360568806038974,0.40636050457313,0.17057871434138305
G25,1.2205993729688896e-05,0.4560532243098389,0.43570503850081715,0.17004758806580886
J22,1.2034758134858344e-05,0.4447755348689747,0.3023551173803983,0.3580530919215451
S53,1.175515843138956e-05,0.11891697178408409,-0.273245718910055,-0.054005335126195576
J82,1.1544884998611666e-05,0.4796235342108406,-,0.28078057082930613
O00,1.1505329080156926e-05,-0.31278326564439884,-,0.05385689936003932
T23,1.1360378446246767e-05,0.3885471934971704,-,0.10772948695556891
C19,1.1197283170920356e-05,0.4455932066788855,0.2805632085735211,0.05944185019414373
S89,1.0693220793425022e-05,-0.30585930408516654,0.1259647630953955,0.041577823536643764
I74,1.063827933054321e-05,0.48807917595087125,0.32773738537148256,0.21875862224375237
N80,1.056021851980381e-05,-0.10501722728165254,-,0.044596301314234706
T76,1.0512547772760013e-05,0.4143640308970842,-,0.10781006826352765
L24,1.0470221310952416e-05,0.45390891765457747,-,0.14813152684840797
B58,1.0355512496748015e-05,-0.3884906655774597,-,0.2157872930497099
J01,1.026260772326521e-05,0.4093694229373126,0.1840726398659283,0.18897228520450426
J17,1.023247213965588e-05,0.44089741329536974,0.395517103222681,0.33273259704884284
F98,1.016711004264144e-05,0.41951843460347743,-,0.23948107942319072
C76,1.0082088527441004e-05,-0.1370747241445548,-0.1937853705404534,0.03878041049301885
D44,1.00358270083381e-05,-0.3164076808390781,0.17623115374490156,0.06095110243357966
S86,9.64261443295975e-06,-0.3185291564072559,-,-0.034158320719708334
E43,9.619311133276189e-06,0.4827705624768278,0.46000108140093665,0.4143461672279326
I30,9.554113549769997e-06,0.11725392524545711,-0.1873788919943729,0.24567885803154688
J00,9.507201742376982e-06,0.4419767364514915,-,0.05385220558103649
G04,9.47489986683248e-06,0.14498191847921746,0.36418082720308903,0.08739725553713162
J09,9.465227166980083e-06,0.48074252443146914,-,0.4907050221292442
L20,9.4294483703529e-06,0.475188370244258,0.3521264496439286,0.17738309820645032
B59,9.374360709404496e-06,0.4805070621196382,0.3994163326857529,0.44406110080986777
P80,9.37307582575194e-06,0.4610363906710433,-,0.4600128504272527
E22,9.364431685522592e-06,0.2386268596512015,0.26102307490172266,0.10473091174116227
I60,9.313256984786858e-06,0.4734931630329001,0.2742033565027461,0.24177906528544457
X12,9.248783152238369e-06,-0.3094020589183678,-,0.3125782253404247
S74,9.060765040296628e-06,-0.32181948517008574,-0.272762427622657,0.0806909573761581
I97,8.68567614393093e-06,0.43573397611496756,0.18762544609633175,0.2540116931240058
S05,8.5929341078398e-06,0.4482681180778588,-0.12231827118106128,0.057912908714801654
P29,8.508891631898714e-06,0.4563450317109749,0.23651034881390642,0.2333525919702517
J10,8.413559947327828e-06,0.4441971116791914,0.43019613646395427,0.13490079543500116
F42,8.330809139578957e-06,0.43488010237135166,-,0.17333674358786105
Z16,8.258932064946985e-06,0.46724137672055543,0.4935763908226373,0.44734439855933067
E44,8.253914660233389e-06,0.4354768234818841,0.2523329274183825,0.19025368110069
E26,7.833824443801981e-06,0.425466777127164,-,0.12043756266005973
F72,7.821038138068916e-06,0.49277069495107834,-,0.5904653117159576
M77,7.1144344575308414e-06,0.2426498618066231,-0.06225232511574794,0.0431224503706534
D36,7.077640784549376e-06,0.4551318015709942,-0.2923973168237192,0.05465963409359372
D73,7.064154034068621e-06,0.4639790487403548,0.38808839782825394,0.15795764769365467
I76,6.955304699477463e-06,0.43091791456525796,-,0.3454476320926418
H44,6.919486214429033e-06,0.36696068650793995,0.35833950164167455,0.11255225090531887
M65,6.779620585205346e-06,-0.37465241616575495,-0.10961238795063513,0.03479497877296732
C55,6.775510904593787e-06,0.11490109618428172,0.1281579889673684,0.02422596966152545
N23,6.637355051493031e-06,0.1406010461053951,0.34958119895663003,0.05578525305145858
C86,6.5379217653556935e-06,-0.3170554677185367,0.2906391122943394,0.07582152923141422
Q98,6.415018493751967e-06,-0.30431855922089995,-,0.20035595976386297
D51,6.377881187957482e-06,0.4505883471464429,0.2774569004822521,0.25151424052724425
G90,6.360024730772733e-06,0.13424168623693675,0.4628455168804415,0.21247635307687515
E63,6.3332770770000345e-06,0.47097531887475036,0.38934296256382706,0.3305022940473368
N29,6.13210967304994e-06,0.12439772577534886,-,0.06716234272932466
N21,6.087310030633737e-06,0.1244161199856249,-,0.0711536977326013
R34,5.970497810971747e-06,0.4874828106402539,-,0.35612578738204853
F45,5.802439335528899e-06,0.42969793120842403,0.4935763908226373,0.1634567164326985
L25,5.59743863604628e-06,0.4766710165781576,0.4717428149466323,0.17908794389989643
B17,5.538039861828607e-06,0.4936555959738953,0.35757807874987374,0.4223792605031156
L55,5.426743310000108e-06,-0.3063947952612244,-,0.11783334550842801
H30,5.353551300055904e-06,0.12827479231847577,-,0.08553499752099009
Q18,5.307093935958162e-06,0.43954414160941185,-,0.038758910004141285
D12,4.963820422287572e-06,0.4816631852842988,0.1254366432041242,0.07505570089630215
K65,4.899308028473551e-06,0.4382584461328929,0.29762507130505345,0.2697918854948722
H11,4.868932683546725e-06,0.49776833984116353,-0.2580748815122547,0.08263527686637212
I81,4.793001542225116e-06,0.44850807946240145,0.3735711945966352,0.18760612845746275
F80,4.714804196272074e-06,0.4721619257544467,0.33803153715244344,0.09805735174812805
S60,4.666599070427992e-06,-0.103924552249476,-,0.050082864339369176
C65,4.529455284527802e-06,0.47385718442180236,-0.2794194002694159,0.06785329232042421
S11,4.524419711324164e-06,-0.3054266720268759,-,0.08055020636858942
F79,4.516455823421652e-06,0.46190619973707936,0.2917515101202888,0.19228864484864522
T17,4.432096969431162e-06,0.4809395111685448,0.2814881488350327,0.22979126681508322
R46,4.39827837720122e-06,0.20863779621334286,-0.16108541560782286,0.13174980687511686
T79,4.287586623930274e-06,0.5005686297618728,0.47288068673116884,0.37296155353821037
Q37,4.179948269743367e-06,-0.31523941151736223,-,0.031443235622982506
F15,4.116336283617843e-06,0.4393993610512601,-,0.16649882192083998
H02,4.107162822466028e-06,0.4889347350689304,-0.16114291768161654,0.10742293453510836
G70,4.082273011517949e-06,0.4737423672185109,0.10485045515219849,0.13940520068069512
R81,4.080501542700928e-06,0.4245755871948023,-,0.28506655550490345
H50,4.072615609542732e-06,0.48123460620306574,-,0.10854034802162306
E56,4.063931553984412e-06,0.4367152363508291,-,0.2621296518018621
Q02,3.97394877887977e-06,0.453270072700664,0.3276228815978444,0.1900166268948089
B19,3.9603926834603066e-06,0.47901188931962774,0.2922732580768105,0.29087562599582506
M90,3.898982456171572e-06,0.4725500347100051,0.44574599384735836,0.36428444067433324
Q99,3.8187822556554064e-06,-0.32572170960149877,-0.27263554463125006,0.18703071797491408
M00,3.7056313375950976e-06,0.4138164072139911,0.36898177153334066,0.2676921091108292
Y09,3.683212939638274e-06,-0.33253406445237293,-,0.06696810954280473
F48,3.6354869516325273e-06,0.49099270994672933,0.46611868435298076,0.2225277414800584
L70,3.532231443071219e-06,0.480489468911376,0.43761830350466,0.18122191610005142
L57,3.298579002275863e-06,0.3857573136166331,0.20229167844976814,0.17339871328584627
S45,3.117496628119112e-06,0.4225497885779662,-,0.2355277817567693
R70,3.091861958640894e-06,0.4722841559231697,0.3250790066776506,0.23652809677720357
C47,3.030526490063464e-06,-0.42791269322374925,-,0.026402052608037192
F21,2.984840201626256e-06,0.4719124935054384,-,0.6853689147627497
C7B,2.952485872652099e-06,-0.31413025157138136,-,0.050276750452175924
H21,2.910493356582454e-06,0.45390891765457747,-,0.17721859387989505
L91,2.7858587800960746e-06,0.12898546375998354,0.3509097086968491,0.1136755237417744
I86,2.7792758423244158e-06,0.4858883922693984,-0.21886723175825668,0.07187933927826887
I13,2.7713675417988505e-06,0.4887713420031896,-,0.3881699192122657
Z77,2.7411555119179103e-06,0.42632441086239575,-,0.17544709421037896
F13,2.7071061265120906e-06,0.476286727384331,0.49504940925602736,0.37188576883139685
E24,2.528035161703777e-06,-0.31521148698705376,-,0.2087795812355749
L53,2.5139254006246893e-06,0.4721619257544467,0.40380629695169656,0.12917928344909277
L50,2.5062934393698765e-06,0.46092468185581986,0.3521264496439286,0.10159576951569081
D22,2.3905674294438427e-06,-0.3189426730028776,0.1942136728454813,0.15564248092659302
S44,2.342154193549358e-06,0.4782192625053897,-,0.11260687438672065
C26,2.260534280381612e-06,-0.3802928350857509,-,0.19175570380624452
Q62,2.254334522945437e-06,0.47385718442180236,-,0.04258189921691906
X10,2.2232030742959246e-06,-0.32673080707240404,-,0.26092513103297815
M11,2.2008143153535453e-06,0.4505400991169808,-,0.15467749990184312
L90,2.199670247562698e-06,0.4839600267867607,-,0.1498385364024709
J04,2.0357557394152136e-06,0.4684862340344707,0.4926511662182904,0.33264876557721124
M84,1.951515881460522e-06,0.45101136658462504,-0.101748132442419,0.034186191943954385
C17,1.9209295525194126e-06,0.4298494120163668,-0.2717143782959556,0.06820802223198424
Q82,1.9121323920357847e-06,0.48451555786616324,-0.12650384240288676,0.07448367756397326
E58,1.8658099933619293e-06,0.49160981496989775,-,0.22464093112391287
L72,1.8573744950010127e-06,0.4889347350689304,-0.1050147324904527,0.09649654950250304
Y84,1.6731607493991837e-06,0.4052291176481586,-,0.10685470195119746
K25,1.6165661262139671e-06,0.4793031591534864,0.42561539964949796,0.1888964255502641
T20,1.6050765596130512e-06,-0.32673080707240404,-,0.06601447938871147
L51,1.5728276393097722e-06,0.46966369640420585,0.22205980659402397,0.1764792316897388
S71,1.4385528321354936e-06,0.480871651794906,-,0.12613858622608234
S80,1.418500849555699e-06,0.15687263967730758,-,0.06237707245701934
T56,1.2401666263011673e-06,-0.435601361126944,-,0.189088859209163
N36,1.208249345868747e-06,0.44970859845987177,-,0.07690994593979848
Y95,1.1481167813264152e-06,0.4860887443156093,0.4651987705514047,0.5919491968707218
E76,1.1475581327826112e-06,-0.44157320683684737,-,-0.04188622830329374
E75,1.141925746244207e-06,0.4532440032886457,0.3365948915889429,0.15060223035177647
K28,1.122129284488409e-06,-0.31431315631557377,-,0.15081471823113415
H26,1.0339045857324696e-06,0.4848346822826692,0.30466131306562655,0.30235759491292236
C72,9.13930376928879e-07,-0.32473174481562594,-0.23556864747792,0.05505061277103554
L81,9.0437164152481e-07,-0.3189426730028776,0.29712939206179934,0.16935246513734648
C63,8.594589887101952e-07,-0.31014972311334466,-,0.05198772476761406
F93,7.485083809156094e-07,0.4974466653112429,-,0.09498124509969552
R17,7.049314061775027e-07,0.49404855134804737,0.2792153028309789,0.2661513742541017
M71,6.605147328434287e-07,0.477161960095733,-,0.07195949669383472
M15,6.531742262096743e-07,0.4824614512416664,-,0.18108848224003923
T16,6.531629360436899e-07,-0.4449469160830989,-,0.0449024914653131
K22,6.424104486857946e-07,0.15973243270369986,0.18404560849107318,0.09651369503979815
S36,4.520734551636884e-07,0.46351030370151325,0.3875139892457855,0.31616540690594536
F34,4.282268550834493e-07,0.48127726608498317,0.45211600625575926,0.1722187376029122
E23,4.0898520685132453e-07,0.48382861347702966,0.1419955852962394,0.12913789566449918
A37,3.938599683304845e-07,0.5031695778090349,-,0.2848686328131134
K26,3.5209433201740866e-07,0.4935565702543034,0.21128282994238126,0.27656041252209257
F51,3.461156766315707e-07,0.4898416541667037,0.3491588011004809,0.28337923589823827
Q33,3.2492009664844137e-07,0.48451555786616324,-,0.07958312151058182
H01,3.147580253009234e-07,0.49350372128008185,0.35691575112918544,0.1567322414693438
J99,2.529368368285512e-07,0.4889347350689304,-,0.3285890614835484
N11,2.426710691670293e-07,-0.43524123358753525,-,0.13744823504600742
H46,2.408461094444163e-07,-0.4308076338469023,-,0.04158319511490624
I79,2.166442084772173e-07,0.48236795619701456,0.33959345643289035,0.3525922361611651
E73,1.798858510607716e-07,0.48451555786616324,0.3377278458131399,0.21786866759437462
F52,1.667115945181144e-07,0.49350372128008185,-0.27825215803079467,0.31894070870730507
K13,1.5462598249359658e-07,0.4467882962788436,0.10858494640553332,0.12905330194699716
F82,1.4999313598008284e-07,0.48214577150987814,-,0.2315368347877932
T70,1.310623353263739e-07,0.5057257038117033,0.49810227827429804,0.6900048454253216
G37,1.2659052523317917e-07,-0.31264844582705276,-0.39933150974106085,0.052030254778885426
D01,9.073211104105237e-08,-0.4209426942437369,-,0.1484561516167926
S90,8.235106252770672e-08,0.4812378282530029,-0.20377032267804526,0.048766599394055435
T19,7.744118482997576e-08,0.47613795288760163,-,0.0906555717315132
H16,4.9548783128600985e-08,0.46830736596430794,-,0.1886080231727491
N34,4.353436765817261e-08,0.46830736596430794,0.4393473186961455,0.099649994664245
E72,2.282113563436089e-09,0.47987228814641153,0.3393329192192222,0.25510034508908946
P27,6.005310025449649e-10,0.49350372128008185,-,0.23963345690100907
